<?xml version="1.0" encoding="UTF-8"?>
<Configuration status="WARN">

    <Appenders>

        <Console name="Console" target="SYSTEM_OUT">
            <PatternLayout pattern="[%d{yyyy-MM-dd HH:mm:ss}] [%p] [%c{1.}] - %m%n" charset="UTF-8" />
        </Console>


        <File name="FileLogger" fileName="chat.log" append="true">
            <PatternLayout pattern="[%d{yyyy-MM-dd HH:mm:ss}] [%p] [%c{1.}] - %m%n" charset="UTF-8" />
        </File>
    </Appenders>

    <Loggers>

        <Root level="info">
            <AppenderRef ref="Console" />
            <AppenderRef ref="FileLogger" />
        </Root>

        <Logger name="ClientChat" level="debug" additivity="false">
            <AppenderRef ref="Console" />
            <AppenderRef ref="FileLogger" />
        </Logger>
    </Loggers>
</Configuration>